{
  "SignOut" : {
    "transaction" : "SignOut",
    "sampleCount" : 137,
    "errorCount" : 0,
    "errorPct" : 0.0,
    "meanResTime" : 32.554744525547456,
    "medianResTime" : 20.0,
    "minResTime" : 4.0,
    "maxResTime" : 188.0,
    "pct1ResTime" : 68.00000000000001,
    "pct2ResTime" : 117.39999999999998,
    "pct3ResTime" : 181.92000000000007,
    "throughput" : 0.2905694312474549,
    "receivedKBytesPerSec" : 0.5734773638194397,
    "sentKBytesPerSec" : 0.06044071177315223
  },
  "Add Education" : {
    "transaction" : "Add Education",
    "sampleCount" : 637,
    "errorCount" : 0,
    "errorPct" : 0.0,
    "meanResTime" : 4232.626373626375,
    "medianResTime" : 1008.0,
    "minResTime" : 50.0,
    "maxResTime" : 149737.0,
    "pct1ResTime" : 5208.4000000000015,
    "pct2ResTime" : 8512.000000000015,
    "pct3ResTime" : 106597.96000000018,
    "throughput" : 1.1532605409280758,
    "receivedKBytesPerSec" : 0.23380873741959313,
    "sentKBytesPerSec" : 0.8120125488370535
  },
  "Delete Education" : {
    "transaction" : "Delete Education",
    "sampleCount" : 637,
    "errorCount" : 0,
    "errorPct" : 0.0,
    "meanResTime" : 2078.0941915227627,
    "medianResTime" : 178.0,
    "minResTime" : 6.0,
    "maxResTime" : 149911.0,
    "pct1ResTime" : 4113.000000000002,
    "pct2ResTime" : 6155.100000000003,
    "pct3ResTime" : 24849.4,
    "throughput" : 1.1566403320665368,
    "receivedKBytesPerSec" : 0.24631590421311236,
    "sentKBytesPerSec" : 0.6947700836884662
  },
  "Add Certification" : {
    "transaction" : "Add Certification",
    "sampleCount" : 637,
    "errorCount" : 0,
    "errorPct" : 0.0,
    "meanResTime" : 3187.411302982734,
    "medianResTime" : 602.0,
    "minResTime" : 50.0,
    "maxResTime" : 113656.0,
    "pct1ResTime" : 5064.4000000000015,
    "pct2ResTime" : 7391.000000000018,
    "pct3ResTime" : 62631.22000000002,
    "throughput" : 1.1570584196434734,
    "receivedKBytesPerSec" : 0.23480576074774673,
    "sentKBytesPerSec" : 0.7604495277539626
  },
  "Add Description" : {
    "transaction" : "Add Description",
    "sampleCount" : 637,
    "errorCount" : 0,
    "errorPct" : 0.0,
    "meanResTime" : 4329.439560439561,
    "medianResTime" : 872.0,
    "minResTime" : 143.0,
    "maxResTime" : 131732.0,
    "pct1ResTime" : 10839.400000000001,
    "pct2ResTime" : 13324.100000000006,
    "pct3ResTime" : 31170.060000000005,
    "throughput" : 1.1625296791819588,
    "receivedKBytesPerSec" : 0.24976223576174894,
    "sentKBytesPerSec" : 0.8162683977849886
  },
  "Update Education" : {
    "transaction" : "Update Education",
    "sampleCount" : 637,
    "errorCount" : 24,
    "errorPct" : 3.7676609,
    "meanResTime" : 5966.273155416021,
    "medianResTime" : 1027.0,
    "minResTime" : 7.0,
    "maxResTime" : 150944.0,
    "pct1ResTime" : 16437.600000000006,
    "pct2ResTime" : 24628.8,
    "pct3ResTime" : 90920.54000000015,
    "throughput" : 1.154508382419574,
    "receivedKBytesPerSec" : 0.24541409435885816,
    "sentKBytesPerSec" : 0.8772637488672406
  },
  "Add Language" : {
    "transaction" : "Add Language",
    "sampleCount" : 637,
    "errorCount" : 0,
    "errorPct" : 0.0,
    "meanResTime" : 8062.436420722118,
    "medianResTime" : 1195.0,
    "minResTime" : 50.0,
    "maxResTime" : 150802.0,
    "pct1ResTime" : 23961.400000000012,
    "pct2ResTime" : 58226.0,
    "pct3ResTime" : 87687.12,
    "throughput" : 1.1482070305599716,
    "receivedKBytesPerSec" : 0.23426459547783077,
    "sentKBytesPerSec" : 0.6783840366101396
  },
  "Enable/Disable ShareSkill" : {
    "transaction" : "Enable/Disable ShareSkill",
    "sampleCount" : 406,
    "errorCount" : 199,
    "errorPct" : 49.01478,
    "meanResTime" : 24269.004926108366,
    "medianResTime" : 4397.5,
    "minResTime" : 159.0,
    "maxResTime" : 398674.0,
    "pct1ResTime" : 103794.6,
    "pct2ResTime" : 128178.35,
    "pct3ResTime" : 250466.5200000006,
    "throughput" : 0.6707805671895781,
    "receivedKBytesPerSec" : 0.09909625071249784,
    "sentKBytesPerSec" : 0.37231077245090993
  },
  "Add Skill" : {
    "transaction" : "Add Skill",
    "sampleCount" : 637,
    "errorCount" : 0,
    "errorPct" : 0.0,
    "meanResTime" : 14065.825745682887,
    "medianResTime" : 1500.0,
    "minResTime" : 51.0,
    "maxResTime" : 153581.0,
    "pct1ResTime" : 61419.200000000004,
    "pct2ResTime" : 96739.3,
    "pct3ResTime" : 150927.06,
    "throughput" : 1.1422648763413095,
    "receivedKBytesPerSec" : 0.24857983200905923,
    "sentKBytesPerSec" : 0.6994141381503917
  },
  "SearchSkill" : {
    "transaction" : "SearchSkill",
    "sampleCount" : 315,
    "errorCount" : 46,
    "errorPct" : 14.603174,
    "meanResTime" : 160651.09523809527,
    "medianResTime" : 189579.0,
    "minResTime" : 1224.0,
    "maxResTime" : 451387.0,
    "pct1ResTime" : 299596.0,
    "pct2ResTime" : 306816.0,
    "pct3ResTime" : 443654.7999999995,
    "throughput" : 0.4870272936279823,
    "receivedKBytesPerSec" : 2.9105210675058486,
    "sentKBytesPerSec" : 0.3557582183923152
  },
  "Update Certification" : {
    "transaction" : "Update Certification",
    "sampleCount" : 637,
    "errorCount" : 93,
    "errorPct" : 14.599686,
    "meanResTime" : 4303.604395604399,
    "medianResTime" : 594.0,
    "minResTime" : 17.0,
    "maxResTime" : 150631.0,
    "pct1ResTime" : 7777.600000000003,
    "pct2ResTime" : 12536.600000000011,
    "pct3ResTime" : 83558.10000000006,
    "throughput" : 1.1576345727474284,
    "receivedKBytesPerSec" : 0.23361648073183586,
    "sentKBytesPerSec" : 0.8216428370224985
  },
  "Delete Language" : {
    "transaction" : "Delete Language",
    "sampleCount" : 637,
    "errorCount" : 38,
    "errorPct" : 5.965463,
    "meanResTime" : 2976.9434850863413,
    "medianResTime" : 289.0,
    "minResTime" : 14.0,
    "maxResTime" : 132020.0,
    "pct1ResTime" : 4190.200000000003,
    "pct2ResTime" : 7854.2000000000335,
    "pct3ResTime" : 58287.3,
    "throughput" : 1.149902520037548,
    "receivedKBytesPerSec" : 0.21300295542548198,
    "sentKBytesPerSec" : 0.689134467628529
  },
  "View ShareSkill" : {
    "transaction" : "View ShareSkill",
    "sampleCount" : 407,
    "errorCount" : 0,
    "errorPct" : 0.0,
    "meanResTime" : 317.48894348894356,
    "medianResTime" : 25.0,
    "minResTime" : 4.0,
    "maxResTime" : 26316.0,
    "pct1ResTime" : 478.19999999999976,
    "pct2ResTime" : 826.7999999999997,
    "pct3ResTime" : 7113.280000000055,
    "throughput" : 0.6712051348017389,
    "receivedKBytesPerSec" : 0.11536338254404888,
    "sentKBytesPerSec" : 0.39712208172128666
  },
  "Total" : {
    "transaction" : "Total",
    "sampleCount" : 11153,
    "errorCount" : 642,
    "errorPct" : 5.7562985,
    "meanResTime" : 22647.23607997848,
    "medianResTime" : 865.0,
    "minResTime" : 2.0,
    "maxResTime" : 451387.0,
    "pct1ResTime" : 77475.6,
    "pct2ResTime" : 155033.19999999995,
    "pct3ResTime" : 323582.77999999974,
    "throughput" : 13.37139459101732,
    "receivedKBytesPerSec" : 5.41217265942148,
    "sentKBytesPerSec" : 9.05363896335425
  },
  "SignIn" : {
    "transaction" : "SignIn",
    "sampleCount" : 637,
    "errorCount" : 0,
    "errorPct" : 0.0,
    "meanResTime" : 33008.18995290428,
    "medianResTime" : 401.0,
    "minResTime" : 194.0,
    "maxResTime" : 159699.0,
    "pct1ResTime" : 154463.0,
    "pct2ResTime" : 157226.4,
    "pct3ResTime" : 159244.4,
    "throughput" : 0.9055318471428125,
    "receivedKBytesPerSec" : 0.4350797546818982,
    "sentKBytesPerSec" : 0.31716687187435144
  },
  "Update Language" : {
    "transaction" : "Update Language",
    "sampleCount" : 637,
    "errorCount" : 0,
    "errorPct" : 0.0,
    "meanResTime" : 18373.299843014087,
    "medianResTime" : 2525.0,
    "minResTime" : 58.0,
    "maxResTime" : 160657.0,
    "pct1ResTime" : 68556.8,
    "pct2ResTime" : 125363.7,
    "pct3ResTime" : 149972.28,
    "throughput" : 1.148600402460926,
    "receivedKBytesPerSec" : 0.24603885282858629,
    "sentKBytesPerSec" : 0.7197611532119339
  },