{
  "Update Skills" : {
    "transaction" : "Update Skills",
    "sampleCount" : 180,
    "errorCount" : 11,
    "errorPct" : 6.111111,
    "meanResTime" : 188.07222222222222,
    "medianResTime" : 204.0,
    "minResTime" : 17.0,
    "maxResTime" : 486.0,
    "pct1ResTime" : 242.8,
    "pct2ResTime" : 291.1999999999998,
    "pct3ResTime" : 436.58999999999986,
    "throughput" : 7.185055085422321,
    "receivedKBytesPerSec" : 1.3749915800135717,
    "sentKBytesPerSec" : 4.774911933178988
  },
  "Add Education" : {
    "transaction" : "Add Education",
    "sampleCount" : 90,
    "errorCount" : 0,
    "errorPct" : 0.0,
    "meanResTime" : 66.03333333333335,
    "medianResTime" : 58.0,
    "minResTime" : 52.0,
    "maxResTime" : 218.0,
    "pct1ResTime" : 71.80000000000001,
    "pct2ResTime" : 120.20000000000005,
    "pct3ResTime" : 218.0,
    "throughput" : 3.5969785380280563,
    "receivedKBytesPerSec" : 0.745857854402302,
    "sentKBytesPerSec" : 2.4026692578234283
  },
  "Add Certification" : {
    "transaction" : "Add Certification",
    "sampleCount" : 90,
    "errorCount" : 0,
    "errorPct" : 0.0,
    "meanResTime" : 65.19999999999999,
    "medianResTime" : 57.0,
    "minResTime" : 51.0,
    "maxResTime" : 220.0,
    "pct1ResTime" : 81.40000000000003,
    "pct2ResTime" : 146.40000000000003,
    "pct3ResTime" : 220.0,
    "throughput" : 3.585657370517928,
    "receivedKBytesPerSec" : 0.7260800547808764,
    "sentKBytesPerSec" : 2.318071464143426
  },
  "Delete Education" : {
    "transaction" : "Delete Education",
    "sampleCount" : 90,
    "errorCount" : 0,
    "errorPct" : 0.0,
    "meanResTime" : 39.07777777777777,
    "medianResTime" : 50.0,
    "minResTime" : 4.0,
    "maxResTime" : 88.0,
    "pct1ResTime" : 56.900000000000006,
    "pct2ResTime" : 64.25000000000001,
    "pct3ResTime" : 88.0,
    "throughput" : 3.6571985858832132,
    "receivedKBytesPerSec" : 0.7809642813604778,
    "sentKBytesPerSec" : 2.1440802907472873
  },
  "Add Description" : {
    "transaction" : "Add Description",
    "sampleCount" : 90,
    "errorCount" : 0,
    "errorPct" : 0.0,
    "meanResTime" : 173.0333333333334,
    "medianResTime" : 160.0,
    "minResTime" : 145.0,
    "maxResTime" : 434.0,
    "pct1ResTime" : 197.8,
    "pct2ResTime" : 305.4500000000004,
    "pct3ResTime" : 434.0,
    "throughput" : 3.574123346967952,
    "receivedKBytesPerSec" : 0.7678780628251459,
    "sentKBytesPerSec" : 2.177981414558596
  },
  "Add Share Skill " : {
    "transaction" : "Add Share Skill ",
    "sampleCount" : 91,
    "errorCount" : 0,
    "errorPct" : 0.0,
    "meanResTime" : 232.21978021978023,
    "medianResTime" : 217.0,
    "minResTime" : 207.0,
    "maxResTime" : 424.0,
    "pct1ResTime" : 286.79999999999995,
    "pct2ResTime" : 353.5999999999997,
    "pct3ResTime" : 424.0,
    "throughput" : 3.578591372055527,
    "receivedKBytesPerSec" : 0.7828168626371466,
    "sentKBytesPerSec" : 6.695879950057022
  },
  "View Manage Listing" : {
    "transaction" : "View Manage Listing",
    "sampleCount" : 91,
    "errorCount" : 0,
    "errorPct" : 0.0,
    "meanResTime" : 112.7802197802198,
    "medianResTime" : 107.0,
    "minResTime" : 101.0,
    "maxResTime" : 297.0,
    "pct1ResTime" : 130.99999999999997,
    "pct2ResTime" : 148.7999999999999,
    "pct3ResTime" : 297.0,
    "throughput" : 3.6198735033215326,
    "receivedKBytesPerSec" : 4.81432609690123,
    "sentKBytesPerSec" : 2.1917202852142093
  },
  "Update Education" : {
    "transaction" : "Update Education",
    "sampleCount" : 90,
    "errorCount" : 30,
    "errorPct" : 33.333332,
    "meanResTime" : 131.8444444444444,
    "medianResTime" : 184.0,
    "minResTime" : 6.0,
    "maxResTime" : 234.0,
    "pct1ResTime" : 211.9,
    "pct2ResTime" : 216.35000000000002,
    "pct3ResTime" : 234.0,
    "throughput" : 3.635482307319438,
    "receivedKBytesPerSec" : 0.648793158729197,
    "sentKBytesPerSec" : 2.553831646873485
  },
  "Add Language" : {
    "transaction" : "Add Language",
    "sampleCount" : 90,
    "errorCount" : 0,
    "errorPct" : 0.0,
    "meanResTime" : 65.26666666666665,
    "medianResTime" : 57.0,
    "minResTime" : 51.0,
    "maxResTime" : 187.0,
    "pct1ResTime" : 88.10000000000005,
    "pct2ResTime" : 133.9500000000001,
    "pct3ResTime" : 187.0,
    "throughput" : 3.588087549336204,
    "receivedKBytesPerSec" : 0.7253262917115179,
    "sentKBytesPerSec" : 2.140938957660567
  },
  "Add Skills" : {
    "transaction" : "Add Skills",
    "sampleCount" : 90,
    "errorCount" : 0,
    "errorPct" : 0.0,
    "meanResTime" : 64.03333333333333,
    "medianResTime" : 58.0,
    "minResTime" : 52.0,
    "maxResTime" : 149.0,
    "pct1ResTime" : 87.80000000000001,
    "pct2ResTime" : 113.80000000000001,
    "pct3ResTime" : 149.0,
    "throughput" : 3.612861787965156,
    "receivedKBytesPerSec" : 0.7621664375175625,
    "sentKBytesPerSec" : 2.2157003934005055
  },
  "Delete Language" : {
    "transaction" : "Delete Language",
    "sampleCount" : 90,
    "errorCount" : 0,
    "errorPct" : 0.0,
    "meanResTime" : 56.077777777777776,
    "medianResTime" : 53.0,
    "minResTime" : 48.0,
    "maxResTime" : 93.0,
    "pct1ResTime" : 69.70000000000002,
    "pct2ResTime" : 80.25000000000001,
    "pct3ResTime" : 93.0,
    "throughput" : 3.6475642376590742,
    "receivedKBytesPerSec" : 0.6981665923644322,
    "sentKBytesPerSec" : 2.137244670503364
  },
  "Total" : {
    "transaction" : "Total",
    "sampleCount" : 2593,
    "errorCount" : 202,
    "errorPct" : 7.7902045,
    "meanResTime" : 324.07944465869684,
    "medianResTime" : 102.0,
    "minResTime" : 2.0,
    "maxResTime" : 3607.0,
    "pct1ResTime" : 287.0,
    "pct2ResTime" : 2903.5999999999995,
    "pct3ResTime" : 3298.0,
    "throughput" : 86.20918944078728,
    "receivedKBytesPerSec" : 27.345243512700314,
    "sentKBytesPerSec" : 50.38631329376953
  },
  "SignIn" : {
    "transaction" : "SignIn",
    "sampleCount" : 700,
    "errorCount" : 159,
    "errorPct" : 22.714285,
    "meanResTime" : 939.2114285714304,
    "medianResTime" : 234.0,
    "minResTime" : 198.0,
    "maxResTime" : 3607.0,
    "pct1ResTime" : 3181.7,
    "pct2ResTime" : 3263.7499999999995,
    "pct3ResTime" : 3450.71,
    "throughput" : 23.56981716556113,
    "receivedKBytesPerSec" : 11.324560591265698,
    "sentKBytesPerSec" : 8.532352730731674
  },
  "Update Language" : {
    "transaction" : "Update Language",
    "sampleCount" : 90,
    "errorCount" : 0,
    "errorPct" : 0.0,
    "meanResTime" : 219.0333333333333,
    "medianResTime" : 206.0,
    "minResTime" : 188.0,
    "maxResTime" : 486.0,
    "pct1ResTime" : 245.0,
    "pct2ResTime" : 339.1500000000001,
    "pct3ResTime" : 486.0,
    "throughput" : 3.599712023038157,
    "receivedKBytesPerSec" : 0.7557989110871131,
    "sentKBytesPerSec" : 2.2744274208063358
  },
  "Sign Out" : {
    "transaction" : "Sign Out",
    "sampleCount" : 541,
    "errorCount" : 0,
    "errorPct" : 0.0,
    "meanResTime" : 55.28465804066541,
    "medianResTime" : 53.0,
    "minResTime" : 46.0,
    "maxResTime" : 117.0,
    "pct1ResTime" : 62.0,
    "pct2ResTime" : 74.89999999999998,
    "pct3ResTime" : 102.16000000000008,
    "throughput" : 21.5177790151937,
    "receivedKBytesPerSec" : 4.366098995207223,
    "sentKBytesPerSec" : 11.725508486795004
  },
  "Delete Skill" : {
    "transaction" : "Delete Skill",
    "sampleCount" : 180,
    "errorCount" : 2,
    "errorPct" : 1.1111112,
    "meanResTime" : 47.60555555555554,
    "medianResTime" : 53.0,
    "minResTime" : 2.0,
    "maxResTime" : 101.0,
    "pct1ResTime" : 61.900000000000006,
    "pct2ResTime" : 71.89999999999998,
    "pct3ResTime" : 92.08999999999997,
    "throughput" : 7.254554247944543,
    "receivedKBytesPerSec" : 1.4591367710180556,
    "sentKBytesPerSec" : 4.622731692326293
  }
}